major,course
Database Administration,Data Structures and Algorithms
Web Development,Web Programming
Database Administration,Database Systems
Data Science,Data Structures and Algorithms
Network Engineering,Computer Networks
Database Administration,SQL
Data Science,Machine Learning
Network Engineering,Computer Systems
Computer Programming,Computer Networks
Database Administration,Web Applications
Game Design,Artificial Intelligence
Data Science,Python
Computer Programming,Object-Oriented Programming
System Administration,Computer Systems
Game Design,Calculus
Web Development,Data Structures and Algorithms
Data Science,Calculus
Web Development,Object-Oriented Programming
Game Design,Game Architecture
System Administration,Computer Networks
Game Design,Algorithms
System Administration,UNIX
System Administration,Server Administration
Computer Programming,Computer Systems
Computer Programming,Python
Network Engineering,Network Security
Web Development,Web Applications
Network Engineering,Algorithms
